progress_gap_pct,days_delay,cost_variance_pct,open_actions,update_age_days,high_risk
26.25477333023335,4,11.303566097139836,4,7,0
39.86069004847877,9,16.713490180880093,4,2,1
33.784284512259674,2,23.662082425162765,6,1,1
6.260359499529592,2,18.73320726045371,6,4,0
10.008314245561271,13,17.46399283475824,2,5,0
38.677672269813094,11,9.214505330799062,5,7,1
-4.736734771721264,8,14.541321033267675,4,5,0
36.061420919138314,11,8.862893239171802,1,6,1
34.85347143760231,4,21.050228935400213,4,7,1
18.39674764218604,10,8.315055463998759,1,5,0
10.151621340965676,3,11.331740401180564,1,4,0
8.921280605038666,6,21.44099814992481,2,4,0
7.74347938270623,2,12.627952946543974,9,1,0
17.25381529413233,5,6.8311399738687335,0,0,0
20.227412947897665,5,23.938662860429815,8,0,1
22.674867603724625,6,8.333690794651597,2,7,0
44.77501417171963,7,24.565518523607096,9,2,1
34.633095960687655,0,22.48341409445492,1,0,1
26.108961472058134,5,10.655108831982016,6,1,0
44.44800738409425,12,19.951182890543972,4,1,1
5.765434911779948,6,-3.7963604912206588,2,3,0
3.0106016928922266,8,8.642944135864301,3,5,0
25.62698021365154,1,25.111679016862585,4,6,1
-2.8028996019308314,5,15.283877513142578,5,6,0
-3.215986061320193,14,14.523903917818924,7,7,0
20.744441013568515,8,18.265860994374165,2,6,0
18.310301266264453,0,18.718507119098955,3,2,0
40.858388659642614,10,15.425938786649354,0,3,1
26.46131272455052,11,9.722025867847531,2,5,1
20.705882329975694,5,1.4219290865378778,3,1,0
19.84367176967521,0,5.242471229755321,8,5,0
7.375746101366541,12,5.252276196208552,7,0,0
-4.410298722874707,3,10.076072362408095,7,1,0
4.620107199265531,13,29.967056441793552,2,6,0
29.60160604409196,5,7.339317965753496,2,2,0
5.03033619934976,5,10.6582748636744,4,7,0
13.476815530110336,11,8.006964733925848,4,6,0
-4.8132878973962026,2,15.349970883370489,7,1,0
36.502386490087275,0,28.176450281653437,8,7,1
2.7230540530719924,11,26.117551280148167,4,6,0
8.379965228189272,13,8.199856099658646,2,7,0
39.01660769904143,14,4.341539971467649,8,3,1
20.48954049342116,1,25.953951152298977,5,7,0
37.357512318293466,2,12.284166861995562,9,2,1
26.98585834712631,5,18.993940149135483,3,2,1
32.088547368092854,10,-2.4348002009621466,3,4,1
-0.42521974684771724,13,25.32951939101868,0,2,0
22.057191068824437,12,5.953780691592398,7,0,0
20.388611815017498,5,12.308443505061419,4,5,0
38.56696883464403,13,1.9307378615809947,2,3,1
13.063202950707879,3,9.708491795417368,4,6,0
24.909203360360653,1,23.981712105387597,1,1,0
-2.037417882724819,6,23.965273675579454,9,1,0
14.381590055536435,1,11.578520457393434,4,5,0
11.151817312910332,10,21.876874541248025,3,5,0
2.5099864535225933,14,11.032340300430057,6,4,0
35.81690519095378,1,8.067471906272294,7,4,1
13.972308577515623,1,14.106114180315878,9,6,0
43.93739422056108,2,2.0469268505822242,6,7,1
24.499584650530515,2,6.079653370802371,1,7,0
25.252812691492565,8,19.728506996318245,4,7,1
26.89982903941661,8,21.967989353713815,7,2,1
28.822512190639415,14,-3.0152152646660912,8,6,1
2.539400958418435,6,20.648914901846197,4,2,0
17.015673359409377,13,23.610047749437435,8,6,1
6.978198091476166,11,10.581775063689326,1,7,0
15.12491490519908,12,-2.8141130498683884,3,3,0
-0.16479530341271875,2,18.901963940594218,9,4,0
43.39140255244107,6,3.6157280870910338,1,0,1
5.750201867794001,13,17.51750651227769,6,0,0
28.58825813056425,11,8.181787817362641,2,1,1
10.021004073953515,3,17.300723213576322,1,0,0
38.70385130747522,12,4.0347208027176205,1,3,1
28.11073691692269,11,11.678795790111995,9,7,1
1.5807907904152865,2,13.36361586620707,9,5,0
37.25371604372764,1,17.085461385077807,1,4,1
42.247408557248974,3,2.1108744551321816,7,5,1
40.19583940979634,7,28.671787632087174,0,0,1
23.48595739296386,2,5.119832651017477,8,5,0
2.2729976880463454,0,5.710704611861804,3,4,0
4.623174748416618,1,3.9709334106051077,0,0,0
41.39528423722622,4,-2.638330880116719,9,4,1
22.61632438336319,5,9.802301951552636,9,5,0
4.0276249224455825,4,22.014270896085026,0,3,0
39.202844709823495,6,19.834842783969698,3,7,1
27.07858526112404,10,1.845035856411064,9,7,1
23.484713723690398,3,-0.2073834113333568,3,2,0
13.814391806496005,6,6.249977914054961,6,7,0
15.54776410785649,10,21.88893036865255,8,1,1
6.974460634092242,0,12.08273475482789,0,0,0
-3.0971356654380457,14,27.311446385424013,4,5,0
38.81094040546355,14,17.973431807442786,5,1,1
18.386510840704805,4,16.73173732142469,9,2,0
22.381759960686765,13,21.869189411656276,4,3,1
11.108165489011256,3,21.259038669253695,8,5,0
32.566245992746396,13,7.034334375503775,5,6,1
-3.740156459911982,9,3.9952940604688045,4,7,0
13.609263628260198,3,10.316748640398878,7,4,0
-3.4824852807944184,0,12.123651326995912,8,7,0
1.1446051102504669,5,-0.039703035162831135,6,5,0
43.357411769868385,11,10.446626826520594,6,6,1
27.88803650192572,3,17.393813955858185,9,4,1
16.411012319474064,7,-0.24999232557821038,6,0,0
21.187005395524015,1,-0.16867391793657482,1,1,0
38.64046042823872,6,1.080249437964512,9,3,1
12.21053334980131,0,4.916599187538823,8,6,0
24.51454911448573,14,28.659824620780483,3,3,1
29.184218666977188,7,-4.097304759158846,4,0,0
12.770688851175603,12,1.4308691398406959,6,3,0
20.954924324799507,1,0.7766743782020207,7,5,0
33.26236916392613,2,11.60218088037643,7,7,1
40.45896569952751,2,-4.472452751435417,8,1,1
2.5531139038407744,8,11.036062718983018,0,2,0
41.670969615371426,12,0.7022857469724926,9,3,1
-4.741056709228393,9,4.437407793207939,4,3,0
32.648875179887696,7,22.735421201613917,2,7,1
35.526341515862256,14,1.4423527516918702,2,3,1
1.8382025771290769,2,16.59950915741374,4,4,0
15.945182545659257,2,9.220929446199456,3,2,0
35.76281389975228,10,9.615844923258944,9,0,1
-4.28644051576947,12,23.58958961592773,4,3,0
26.423097393314535,3,0.63202339655155,9,3,0
34.6511829049017,3,27.333357879272747,6,1,1
20.650179141110424,7,26.272180004142356,3,5,1
31.292471027554356,11,18.39126869931963,4,2,1
6.321174134857204,4,-3.2693437750937955,9,0,0
4.926057399633642,12,18.215798497184696,6,4,0
13.156347527517582,7,16.01216888274032,4,2,0
3.970301378357327,10,22.02720680216449,7,5,0
12.30307195562392,9,2.484105381437308,3,0,0
42.406203070540734,7,28.36746036392494,2,6,1
23.666635880556047,8,26.016900241742896,7,4,1
12.00340337104199,14,-0.9975000854953224,0,5,0
8.576230990439264,5,6.032065050602023,4,3,0
42.601974535376115,14,-3.864453388011398,4,7,1
17.223910482355663,11,24.083152441282497,4,4,1
44.019737544029475,2,27.028316133378055,2,7,1
20.77613345531355,13,29.643323798156565,3,2,1
21.058306451311196,5,16.41737561746119,1,6,0
39.82702618580004,2,18.309495259707255,4,5,1
32.13837091075198,3,18.744193672363938,7,7,1
24.032643192641128,2,14.955195218452651,1,1,0
16.332475191812918,5,28.334801897166464,1,4,0
38.90939297091403,1,16.27514300549703,0,7,1
15.58230749534442,8,6.750411371899906,8,1,0
41.13797880842338,14,12.950703397708686,7,7,1
-1.5642323939069236,14,-4.3467993791578055,0,7,0
16.499843095058154,14,20.344420668865357,5,3,1
20.97574099389295,3,19.287237666808675,4,5,0
42.54690977909249,3,9.736789943642123,6,3,1
7.549962333237907,10,24.801838166405087,3,5,0
35.30195736310544,14,21.44341335476048,8,6,1
28.82355999992967,12,6.783960943157069,5,5,1
30.85429521405615,3,-2.287571059194125,2,2,0
26.481109142010176,11,-0.37219413098933085,5,4,0
43.578035423079,7,1.4495280267182382,2,6,1
11.634072960566243,6,5.6371310154178484,5,4,0
14.91377798396853,7,10.663050347720967,2,2,0
5.145587610675811,8,27.479880240153065,4,6,0
-2.4647972363864747,13,4.744626425785368,3,5,0
5.64540974876696,11,26.450498206508545,5,5,0
40.77321985619541,0,18.81617630372992,7,2,1
37.00844085791948,11,24.87225202569775,6,4,1
0.6202870746289495,4,9.113868814080849,3,4,0
25.188951265843265,5,-4.8853140330224205,4,1,0
18.95982474448124,8,22.543857672298497,3,7,1
24.734243524413927,14,3.591654792670562,3,4,1
27.96375033045316,0,-0.013192798312251952,6,0,0
10.332974544443594,7,22.982205939956053,7,2,0
43.067542236822845,3,19.021502749923858,1,6,1
18.292001753056248,13,2.4345320295019777,2,5,0
26.405042743245343,6,4.365363515218569,1,4,0
26.76130919498566,12,27.872694100153502,9,3,1
4.194469825484559,13,4.398829128229348,6,3,0
-1.9067290921812932,1,19.584205731534976,1,7,0
15.575841174898745,11,-0.4656363674883339,7,2,0
33.20150442192343,11,23.526255422274133,3,6,1
35.76108941458859,12,-0.8843496073824832,2,0,1
31.499462450103252,14,13.06143943732663,4,4,1
0.6602476262611496,11,-3.76738307014696,6,2,0
40.66774307655228,12,14.252749095907031,6,3,1
35.10182889986419,10,24.631756489464877,0,4,1
38.884568332476675,4,-2.0460520829909115,7,0,1
21.165207648758866,12,4.598980278668932,4,0,0
40.78177175503662,10,21.764257218745595,9,4,1
-2.667388102305641,10,16.283441181003273,5,5,0
-3.485558303419901,14,5.947891729147381,9,0,0
-3.989221332192656,11,17.011635780894032,2,7,0
7.63843389762282,5,10.914861214781766,6,3,0
7.428488660449144,4,25.182469299690677,3,7,0
4.3751667177983276,4,5.252896587425649,8,1,0
23.352790919269783,2,21.52057111033125,6,7,1
-3.050707948347732,1,17.24859542744375,7,5,0
24.51939339174259,11,20.91500312835977,5,6,1
3.300557652360851,11,8.239156479475033,7,6,0
28.893685428365472,2,20.372235662564506,1,1,0
-3.946232277805446,5,19.444913385872727,2,1,0
10.528509852659745,13,8.562111223593746,7,7,0
41.9170643432307,12,-4.0741719388738336,1,3,1
21.919818993862233,8,28.701966143306862,0,1,1
35.57937013733754,14,19.976013862676396,5,5,1
27.901304080586293,4,2.165852695008007,9,6,0
25.537539280676313,12,20.578252474474443,3,2,1
4.5626340042448685,14,4.753917725083209,2,7,0
23.7197374128903,8,11.424988750408481,7,0,0
-3.0156790770499997,2,25.09608562147409,2,4,0
35.08322025459366,4,10.682523603229253,7,3,1
43.00354585130881,7,5.080230049408595,2,4,1
37.70045356709226,4,5.692188906490474,1,4,1
-2.46451770169694,1,-2.3043956670864367,9,1,0
11.933004169010925,2,2.6826952873196985,5,0,0
10.900159893114113,14,4.488718025661026,2,4,0
0.6358495861434985,5,1.0539189438516825,4,7,0
26.330590966406053,8,-2.7926999889952517,6,2,0
34.87290876831667,6,11.302620704024495,0,4,1
10.686073600112193,12,2.5038645884240527,9,1,0
38.14046174593674,1,20.85696788795694,4,2,1
34.856345642306486,4,27.2884716981023,9,1,1
1.456897073716239,8,4.554464490325664,7,0,0
33.342957836907765,12,15.028690177178746,0,6,1
39.131035995095914,6,12.735398269566758,8,7,1
4.864128491587326,10,-2.371201144203793,5,7,0
23.682058974926157,12,-0.6293966170003076,8,5,0
26.937498301105144,9,25.967281026516982,6,1,1
25.46671287462999,12,11.595321324147825,2,7,1
-0.18771611859782578,14,23.16134686071135,7,0,0
28.05957305074746,3,-2.669673932904626,2,2,0
26.597736233975933,6,15.818459780309013,3,2,0
36.194274450100714,3,25.285918399621718,5,5,1
35.17563495651642,6,25.347313385754887,3,1,1
11.358410396632785,0,-4.799714971930598,9,7,0
31.102366646327695,10,13.260203657464139,0,1,1
38.3636693786178,3,7.915166224861471,3,6,1
39.647387909539475,12,21.60147101846672,0,4,1
3.0756163473499623,10,-2.437335111551344,7,2,0
-3.6648824956857684,5,4.272429676122719,5,3,0
27.54037217111143,6,23.44249748627588,1,0,1
5.733813637188167,10,11.434467788789402,0,3,0
23.18548621335346,6,10.860261252209767,7,5,0
42.240226490342046,3,28.899552682719012,2,1,1
13.965981212628385,0,6.196173181330522,8,7,0
7.638727519215337,8,-3.53972794741206,3,5,0
17.82550249809347,7,8.727029192072246,5,2,0
27.86219566353668,11,0.3680746549370735,0,2,0
0.054948392732939055,1,-2.1337850330810864,5,6,0
14.029238175027135,0,14.875112487342562,0,3,0
1.686059441926134,11,28.375146562044016,2,7,0
28.12231108071269,10,15.279265099673253,9,3,1
36.5276266131592,11,17.649009164501518,9,5,1
13.842689070439121,0,6.32701015737277,4,7,0
13.586197638720915,9,14.989299993374559,9,7,0
21.976082947371726,14,21.32855797745306,2,1,1
5.752888981904679,11,15.62496993731284,5,3,0
7.370479580838545,7,23.09724309656211,7,5,0
11.492614164120706,7,14.26647381598464,8,3,0
17.871284906910873,6,1.9350419764860867,0,2,0
-0.9234269848713295,0,15.395418898217802,5,4,0
32.63660681835028,10,12.182754648879168,2,7,1
23.952728721462712,8,0.8077436362747408,3,3,0
9.98469364452506,7,16.67080479061677,9,3,0
-1.1226713824498589,13,23.593618985240116,6,6,0
33.15904757007406,10,-0.2719307282773604,8,4,1
1.553949414566035,14,14.0731051573302,1,2,0
1.6603321174839136,1,20.6790496477645,6,7,0
1.5342122903638336,14,9.105615866388654,9,4,0
-0.9368844442004765,8,4.45161844241094,0,5,0
40.31961827001285,6,8.02981437345386,8,6,1
8.462214983669524,8,13.959448159298834,3,0,0
10.32052896034301,0,19.033113062452433,4,6,0
36.63971550010338,13,14.571132761451839,0,1,1
25.99617298559007,9,-1.2541237752566192,8,0,0
4.35716932703594,0,23.626023763566824,2,7,0
16.740670618829444,13,27.33508999776342,9,2,1
39.19612323610733,6,-1.4547505145362178,0,0,0
13.768700850973186,1,3.7331811730845086,1,5,0
30.544077659826684,9,1.0788415908469497,1,2,0
-0.15961455817659775,1,24.720430772549182,6,3,0
31.366238836927195,8,26.859755326624327,6,7,1
33.82367620326232,11,-3.450418600198639,2,4,1
36.28833908510663,1,6.634679488761954,1,0,0
28.71004952176056,11,1.7373114566951307,2,5,0
13.536639741312626,8,11.433644741126695,1,1,0
-1.7893999916948191,4,27.255664954996014,7,2,0
20.938811703014746,3,-2.5439365422397437,9,1,0
32.8729953191101,0,0.9947689547044778,4,7,0
4.541910174483858,2,12.046024851848003,3,0,0
8.31186133064718,4,13.341214316698299,5,4,0
21.806002118968607,13,21.092544904796895,3,3,1
32.416578144895965,7,10.319011349163507,1,4,1
39.82933653795897,2,-0.06021369961643952,0,4,0
1.2870758767084585,11,7.376415513176736,6,0,0
4.213510643324829,6,29.37325913938693,7,2,0
34.97684856940714,12,21.275275128820308,5,4,1
27.226081151173737,11,-0.9279469962829463,6,0,0
31.048639590498873,13,23.287321259364646,1,6,1
44.838558251565686,10,5.882426239351922,5,6,1
41.95899793454406,1,22.34887687389747,6,4,1
37.15125334207931,8,-4.554749278174978,6,6,1
33.8557904526591,6,25.494455390586342,0,3,1
14.750960760321846,12,0.6808613331843683,1,4,0
